{
    "intent_logistic_regression": {
        "weighted_f1": 0.2222222222222222,
        "classification_report": {
            "access_issue": {
                "precision": 0.0,
                "recall": 0.0,
                "f1-score": 0.0,
                "support": 1.0
            },
            "billing_issue": {
                "precision": 0.0,
                "recall": 0.0,
                "f1-score": 0.0,
                "support": 1.0
            },
            "bug_report": {
                "precision": 1.0,
                "recall": 1.0,
                "f1-score": 1.0,
                "support": 1.0
            },
            "feature_request": {
                "precision": 0.0,
                "recall": 0.0,
                "f1-score": 0.0,
                "support": 1.0
            },
            "general_query": {
                "precision": 0.2,
                "recall": 1.0,
                "f1-score": 0.3333333333333333,
                "support": 1.0
            },
            "network_issue": {
                "precision": 0.0,
                "recall": 0.0,
                "f1-score": 0.0,
                "support": 1.0
            },
            "accuracy": 0.3333333333333333,
            "macro avg": {
                "precision": 0.19999999999999998,
                "recall": 0.3333333333333333,
                "f1-score": 0.2222222222222222,
                "support": 6.0
            },
            "weighted avg": {
                "precision": 0.19999999999999998,
                "recall": 0.3333333333333333,
                "f1-score": 0.2222222222222222,
                "support": 6.0
            }
        },
        "confusion_matrix": [
            [
                0,
                0,
                0,
                0,
                1,
                0
            ],
            [
                0,
                0,
                0,
                0,
                1,
                0
            ],
            [
                0,
                0,
                1,
                0,
                0,
                0
            ],
            [
                0,
                0,
                0,
                0,
                1,
                0
            ],
            [
                0,
                0,
                0,
                0,
                1,
                0
            ],
            [
                0,
                0,
                0,
                0,
                1,
                0
            ]
        ]
    },
    "intent_xgboost": {
        "weighted_f1": 0.047619047619047616,
        "classification_report": {
            "access_issue": {
                "precision": 0.0,
                "recall": 0.0,
                "f1-score": 0.0,
                "support": 1.0
            },
            "billing_issue": {
                "precision": 0.0,
                "recall": 0.0,
                "f1-score": 0.0,
                "support": 1.0
            },
            "bug_report": {
                "precision": 0.0,
                "recall": 0.0,
                "f1-score": 0.0,
                "support": 1.0
            },
            "feature_request": {
                "precision": 0.0,
                "recall": 0.0,
                "f1-score": 0.0,
                "support": 1.0
            },
            "general_query": {
                "precision": 0.16666666666666666,
                "recall": 1.0,
                "f1-score": 0.2857142857142857,
                "support": 1.0
            },
            "network_issue": {
                "precision": 0.0,
                "recall": 0.0,
                "f1-score": 0.0,
                "support": 1.0
            },
            "accuracy": 0.16666666666666666,
            "macro avg": {
                "precision": 0.027777777777777776,
                "recall": 0.16666666666666666,
                "f1-score": 0.047619047619047616,
                "support": 6.0
            },
            "weighted avg": {
                "precision": 0.027777777777777776,
                "recall": 0.16666666666666666,
                "f1-score": 0.047619047619047616,
                "support": 6.0
            }
        },
        "confusion_matrix": [
            [
                0,
                0,
                0,
                0,
                1,
                0
            ],
            [
                0,
                0,
                0,
                0,
                1,
                0
            ],
            [
                0,
                0,
                0,
                0,
                1,
                0
            ],
            [
                0,
                0,
                0,
                0,
                1,
                0
            ],
            [
                0,
                0,
                0,
                0,
                1,
                0
            ],
            [
                0,
                0,
                0,
                0,
                1,
                0
            ]
        ]
    },
    "sentiment_logistic_regression": {
        "weighted_f1": 0.8148148148148148,
        "classification_report": {
            "negative": {
                "precision": 0.8,
                "recall": 1.0,
                "f1-score": 0.8888888888888888,
                "support": 4.0
            },
            "neutral": {
                "precision": 1.0,
                "recall": 0.5,
                "f1-score": 0.6666666666666666,
                "support": 2.0
            },
            "positive": {
                "precision": 0.0,
                "recall": 0.0,
                "f1-score": 0.0,
                "support": 0.0
            },
            "accuracy": 0.8333333333333334,
            "macro avg": {
                "precision": 0.6,
                "recall": 0.5,
                "f1-score": 0.5185185185185185,
                "support": 6.0
            },
            "weighted avg": {
                "precision": 0.8666666666666667,
                "recall": 0.8333333333333334,
                "f1-score": 0.8148148148148148,
                "support": 6.0
            }
        },
        "confusion_matrix": [
            [
                4,
                0,
                0
            ],
            [
                1,
                1,
                0
            ],
            [
                0,
                0,
                0
            ]
        ]
    },
    "sentiment_xgboost": {
        "weighted_f1": 0.5333333333333333,
        "classification_report": {
            "negative": {
                "precision": 0.6666666666666666,
                "recall": 1.0,
                "f1-score": 0.8,
                "support": 4.0
            },
            "neutral": {
                "precision": 0.0,
                "recall": 0.0,
                "f1-score": 0.0,
                "support": 2.0
            },
            "positive": {
                "precision": 0.0,
                "recall": 0.0,
                "f1-score": 0.0,
                "support": 0.0
            },
            "accuracy": 0.6666666666666666,
            "macro avg": {
                "precision": 0.2222222222222222,
                "recall": 0.3333333333333333,
                "f1-score": 0.26666666666666666,
                "support": 6.0
            },
            "weighted avg": {
                "precision": 0.4444444444444444,
                "recall": 0.6666666666666666,
                "f1-score": 0.5333333333333333,
                "support": 6.0
            }
        },
        "confusion_matrix": [
            [
                4,
                0,
                0
            ],
            [
                2,
                0,
                0
            ],
            [
                0,
                0,
                0
            ]
        ]
    }
}